{"stats":{"minecraft:killed_by":{"minecraft:spider":1},"minecraft:custom":{"minecraft:time_since_rest":1932,"minecraft:deaths":1,"minecraft:sprint_one_cm":9147,"minecraft:play_time":4470,"tombstone:undead_killed":1,"minecraft:walk_one_cm":18937,"minecraft:mob_kills":1,"minecraft:drop":1,"minecraft:jump":101,"minecraft:damage_dealt":341,"minecraft:leave_game":4,"minecraft:time_since_death":1938,"minecraft:total_world_time":4470,"minecraft:fall_one_cm":2717,"minecraft:fly_one_cm":23115},"minecraft:picked_up":{"minecraft:arrow":2,"minecraft:bone":2,"minecraft:wheat_seeds":5,"minecraft:dirt":5,"minecraft:egg":2},"minecraft:killed":{"luminousworld:savannah_skeleton":1},"minecraft:dropped":{"minecraft:wheat_seeds":1},"minecraft:used":{"minecraft:dirt":4,"tombstone:gift":2,"alexsmobs:animal_dictionary":1},"minecraft:mined":{"minecraft:grass":44,"minecraft:grass_block":5,"minecraft:tall_grass":6}},"DataVersion":3465}